taxonid,topt,hidden,name,fname,assembly,phylum,subdivision,class,order,family,genus
666510,82.0,0,Acidilobus saccharovorans 345-15,Acidilobus_saccharovorans,GCA_000144915.1_ASM14491v1,Crenarchaeota,Thermoprotei,Thermoprotei,Acidilobales,Acidilobaceae,Acidilobus
200415,72.0,0,Caldisphaera lagunensis,Caldisphaera_lagunensis,GCA_000317795.1_ASM31779v1,Crenarchaeota,Thermoprotei,Thermoprotei,Acidilobales,Caldisphaeraceae,Caldisphaera
229980,85.0,0,Aeropyrum camini,Aeropyrum_camini,GCA_000591035.1_ASM59103v1,Crenarchaeota,Thermoprotei,Thermoprotei,Desulfurococcales,Desulfurococcaceae,Aeropyrum
272557,92.0,0,Aeropyrum pernix K1,Aeropyrum_pernix,GCA_000011125.1_ASM1112v1,Crenarchaeota,Thermoprotei,Thermoprotei,Desulfurococcales,Desulfurococcaceae,Aeropyrum
768672,82.0,0,Desulfurococcus fermentans DSM 16532,Desulfurococcus_fermentans,GCA_000231015.3_ASM23101v3,Crenarchaeota,Thermoprotei,Thermoprotei,Desulfurococcales,Desulfurococcaceae,Desulfurococcus
490899,85.0,0,Desulfurococcus kamchatkensis 1221n,Desulfurococcus_kamchatkensis,GCA_000020905.1_ASM2090v1,Crenarchaeota,Thermoprotei,Thermoprotei,Desulfurococcales,Desulfurococcaceae,Desulfurococcus
765177,85.0,0,Desulfurococcus mucosus DSM 2162,Desulfurococcus_mucosus,GCA_000186365.1_ASM18636v1,Crenarchaeota,Thermoprotei,Thermoprotei,Desulfurococcales,Desulfurococcaceae,Desulfurococcus
94694,91.0,0,Desulfurococcus amylolyticus,Desulfurococcus_amylolyticus,GCA_000513855.1_ASM51385v1,Crenarchaeota,Thermoprotei,Thermoprotei,Desulfurococcales,Desulfurococcaceae,Desulfurococcus
453591,90.0,0,Ignicoccus hospitalis KIN4/I,Ignicoccus_hospitalis,GCA_000017945.1_ASM1794v1,Crenarchaeota,Thermoprotei,Thermoprotei,Desulfurococcales,Desulfurococcaceae,Ignicoccus
583356,93.0,0,Ignisphaera aggregans DSM 17230,Ignisphaera_aggregans,GCA_000145985.1_ASM14598v1,Crenarchaeota,Thermoprotei,Thermoprotei,Desulfurococcales,Desulfurococcaceae,Ignisphaera
591019,85.0,0,Staphylothermus hellenicus DSM 12710,Staphylothermus_hellenicus,GCA_000092465.1_ASM9246v1,Crenarchaeota,Thermoprotei,Thermoprotei,Desulfurococcales,Desulfurococcaceae,Staphylothermus
399550,92.0,0,Staphylothermus marinus F1,Staphylothermus_marinus,GCA_000015945.1_ASM1594v1,Crenarchaeota,Thermoprotei,Thermoprotei,Desulfurococcales,Desulfurococcaceae,Staphylothermus
1184251,84.0,0,Thermogladius cellulolyticus 1633,Thermogladius_cellulolyticus,GCA_000264495.1_ASM26449v1,Crenarchaeota,Thermoprotei,Thermoprotei,Desulfurococcales,Desulfurococcaceae,Thermogladius
633148,85.0,0,Thermosphaera aggregans DSM 11486,Thermosphaera_aggregans,GCA_000092185.1_ASM9218v1,Crenarchaeota,Thermoprotei,Thermoprotei,Desulfurococcales,Desulfurococcaceae,Thermosphaera
415426,100.0,0,Hyperthermus butylicus DSM 5456,Hyperthermus_butylicus,GCA_000015145.1_ASM1514v1,Crenarchaeota,Thermoprotei,Thermoprotei,Desulfurococcales,Pyrodictiaceae,Hyperthermus
694429,106.0,0,Pyrolobus fumarii 1A,Pyrolobus_fumarii,GCA_000223395.1_ASM22339v1,Crenarchaeota,Thermoprotei,Thermoprotei,Desulfurococcales,Pyrodictiaceae,Pyrolobus
1163730,67.0,0,Fervidicoccus fontis Kam940,Fervidicoccus_fontis,GCA_000258425.1_ASM25842v1,Crenarchaeota,Thermoprotei,Thermoprotei,Fervidicoccales,Fervidicoccaceae,Fervidicoccus
1160895,75.0,0,Candidatus Acidianus copahuensis,Candidatus_Acidianus_copahuensis,GCA_000632495.1_AciCop1.0,Crenarchaeota,Thermoprotei,Thermoprotei,Sulfolobales,Sulfolobaceae,Acidianus
933801,85.0,0,Acidianus hospitalis W1,Acidianus_hospitalis,GCA_000213215.1_ASM21321v1,Crenarchaeota,Thermoprotei,Thermoprotei,Sulfolobales,Sulfolobaceae,Acidianus
1006006,65.0,0,Metallosphaera cuprina Ar-4,Metallosphaera_cuprina,GCA_000204925.1_ASM20492v1,Crenarchaeota,Thermoprotei,Thermoprotei,Sulfolobales,Sulfolobaceae,Metallosphaera
1111107,65.0,0,Metallosphaera yellowstonensis,Metallosphaera_yellowstonensis,GCA_000243315.1_ASM24331v1,Crenarchaeota,Thermoprotei,Thermoprotei,Sulfolobales,Sulfolobaceae,Metallosphaera
399549,75.0,0,Metallosphaera sedula DSM 5348,Metallosphaera_sedula,GCA_000016605.1_ASM1660v1,Crenarchaeota,Thermoprotei,Thermoprotei,Sulfolobales,Sulfolobaceae,Metallosphaera
330779,80.0,0,Sulfolobus acidocaldarius DSM 639,Sulfolobus_acidocaldarius,GCA_000012285.1_ASM1228v1,Crenarchaeota,Thermoprotei,Thermoprotei,Sulfolobales,Sulfolobaceae,Sulfolobus
273057,80.0,0,Sulfolobus solfataricus P2,Sulfolobus_solfataricus,GCA_000007005.1_ASM700v1,Crenarchaeota,Thermoprotei,Thermoprotei,Sulfolobales,Sulfolobaceae,Sulfolobus
273063,80.0,0,Sulfolobus tokodaii str. 7,Sulfolobus_tokodaii,GCA_000011205.1_ASM1120v1,Crenarchaeota,Thermoprotei,Thermoprotei,Sulfolobales,Sulfolobaceae,Sulfolobus
427317,91.0,0,Sulfolobus islandicus M.14.25,Sulfolobus_islandicus,GCA_000022405.1_ASM2240v1,Crenarchaeota,Thermoprotei,Thermoprotei,Sulfolobales,Sulfolobaceae,Sulfolobus
1326980,65.0,0,Sulfolobales archaeon AZ1,Sulfolobales_archaeon_AZ1,GCA_000565255.1_Az1,Crenarchaeota,Thermoprotei,Thermoprotei,Sulfolobales,family,genus
1294123,82.0,0,Sulfolobales archaeon Acd1,Sulfolobales_archaeon_Acd1,GCA_000389735.1_Acd1,Crenarchaeota,Thermoprotei,Thermoprotei,Sulfolobales,family,genus
368408,88.0,0,Thermofilum pendens Hrk 5,Thermofilum_pendens,GCA_000015225.1_ASM1522v1,Crenarchaeota,Thermoprotei,Thermoprotei,Thermoproteales,Thermofilaceae,Thermofilum
1365176,90.0,0,Thermofilum sp. 1910b,Thermofilum_sp._1910b,GCA_000446015.1_ASM44601v1,Crenarchaeota,Thermoprotei,Thermoprotei,Thermoproteales,Thermofilaceae,Thermofilum
397948,85.0,0,Caldivirga maquilingensis IC-167,Caldivirga_maquilingensis,GCA_000018305.1_ASM1830v1,Crenarchaeota,Thermoprotei,Thermoprotei,Thermoproteales,Thermoproteaceae,Caldivirga
1104324,84.0,0,Pyrobaculum sp. 1860,Pyrobaculum_sp._1860,GCA_000234805.1_ASM23480v1,Crenarchaeota,Thermoprotei,Thermoprotei,Thermoproteales,Thermoproteaceae,Pyrobaculum
70771,85.0,0,Pyrobaculum neutrophilum,Pyrobaculum_neutrophilum,GCA_000019805.1_ASM1980v1,Crenarchaeota,Thermoprotei,Thermoprotei,Thermoproteales,Thermoproteaceae,Pyrobaculum
340102,92.0,0,Pyrobaculum arsenaticum DSM 13514,Pyrobaculum_arsenaticum,GCA_000016385.1_ASM1638v1,Crenarchaeota,Thermoprotei,Thermoprotei,Thermoproteales,Thermoproteaceae,Pyrobaculum
410359,92.0,0,Pyrobaculum calidifontis JCM 11548,Pyrobaculum_calidifontis,GCA_000015805.1_ASM1580v1,Crenarchaeota,Thermoprotei,Thermoprotei,Thermoproteales,Thermoproteaceae,Pyrobaculum
698757,92.0,0,Pyrobaculum oguniense TE7,Pyrobaculum_oguniense,GCA_000247545.1_ASM24754v1,Crenarchaeota,Thermoprotei,Thermoprotei,Thermoproteales,Thermoproteaceae,Pyrobaculum
178306,100.0,0,Pyrobaculum aerophilum str. IM2,Pyrobaculum_aerophilum,GCA_000007225.1_ASM722v1,Crenarchaeota,Thermoprotei,Thermoprotei,Thermoproteales,Thermoproteaceae,Pyrobaculum
384616,100.0,0,Pyrobaculum islandicum DSM 4184,Pyrobaculum_islandicum,GCA_000015205.1_ASM1520v1,Crenarchaeota,Thermoprotei,Thermoprotei,Thermoproteales,Thermoproteaceae,Pyrobaculum
768679,90.0,0,Thermoproteus tenax Kra 1,Thermoproteus_tenax,GCA_000253055.1_ASM25305v1,Crenarchaeota,Thermoprotei,Thermoprotei,Thermoproteales,Thermoproteaceae,Thermoproteus
999630,90.0,0,Thermoproteus uzoniensis 768-20,Thermoproteus_uzoniensis,GCA_000193375.1_ASM19337v1,Crenarchaeota,Thermoprotei,Thermoprotei,Thermoproteales,Thermoproteaceae,Thermoproteus
572478,87.0,0,Vulcanisaeta distributa DSM 14429,Vulcanisaeta_distributa,GCA_000148385.1_ASM14838v1,Crenarchaeota,Thermoprotei,Thermoprotei,Thermoproteales,Thermoproteaceae,Vulcanisaeta
1316941,75.0,0,Archaeoglobus sulfaticallidus,Archaeoglobus_sulfaticallidus,GCA_000385565.1_ASM38556v1,Euryarchaeota,Archaeoglobi,Archaeoglobi,Archaeoglobales,Archaeoglobaceae,Archaeoglobus
693661,80.0,0,Archaeoglobus veneficus SNP6,Archaeoglobus_veneficus,GCA_000194625.1_ASM19462v1,Euryarchaeota,Archaeoglobi,Archaeoglobi,Archaeoglobales,Archaeoglobaceae,Archaeoglobus
572546,82.0,0,Archaeoglobus profundus DSM 5631,Archaeoglobus_profundus,GCA_000025285.1_ASM2528v1,Euryarchaeota,Archaeoglobi,Archaeoglobi,Archaeoglobales,Archaeoglobaceae,Archaeoglobus
224325,83.0,0,Archaeoglobus fulgidus DSM 4304,Archaeoglobus_fulgidus,GCA_000008665.1_ASM866v1,Euryarchaeota,Archaeoglobi,Archaeoglobi,Archaeoglobales,Archaeoglobaceae,Archaeoglobus
589924,85.0,0,Ferroglobus placidus DSM 10642,Ferroglobus_placidus,GCA_000025505.1_ASM2550v1,Euryarchaeota,Archaeoglobi,Archaeoglobi,Archaeoglobales,Archaeoglobaceae,Ferroglobus
367189,27.0,0,Haladaptatus paucihalophilus,Haladaptatus_paucihalophilus,GCA_000187225.2_ASM18722v1,Euryarchaeota,Halobacteria,Halobacteria,Halobacteriales,Halobacteriaceae,Haladaptatus
453847,37.0,0,Haladaptatus cibarius,Haladaptatus_cibarius,GCA_000710615.1_HAPD43.1,Euryarchaeota,Halobacteria,Halobacteria,Halobacteriales,Halobacteriaceae,Haladaptatus
795797,41.0,0,Halalkalicoccus jeotgali B3,Halalkalicoccus_jeotgali,GCA_000196895.1_ASM19689v1,Euryarchaeota,Halobacteria,Halobacteria,Halobacteriales,Halobacteriaceae,Halalkalicoccus
1457250,37.0,0,Halapricum salinum,Halapricum_salinum,GCA_000755225.1_ASM75522v1,Euryarchaeota,Halobacteria,Halobacteria,Halobacteriales,Halobacteriaceae,Halapricum
489138,37.0,0,Halarchaeum acidiphilum,Halarchaeum_acidiphilum,GCA_000474235.1_ASM47423v1,Euryarchaeota,Halobacteria,Halobacteria,Halobacteriales,Halobacteriaceae,Halarchaeum
244363,37.0,0,Haloarcula californiae,Haloarcula_californiae,GCA_000337755.1_ASM33775v1,Euryarchaeota,Halobacteria,Halobacteria,Halobacteriales,Halobacteriaceae,Haloarcula
634497,37.0,0,Haloarcula hispanica ATCC 33960,Haloarcula_hispanica,GCA_000223905.1_ASM22390v1,Euryarchaeota,Halobacteria,Halobacteria,Halobacteriales,Halobacteriaceae,Haloarcula
35742,37.0,0,Haloarcula sinaiiensis,Haloarcula_sinaiiensis,GCA_000337275.1_ASM33727v1,Euryarchaeota,Halobacteria,Halobacteria,Halobacteriales,Halobacteriaceae,Haloarcula
28442,37.0,0,Haloarcula vallismortis,Haloarcula_vallismortis,GCA_000337775.1_ASM33777v1,Euryarchaeota,Halobacteria,Halobacteria,Halobacteriales,Halobacteriaceae,Haloarcula
43776,40.0,0,Haloarcula argentinensis,Haloarcula_argentinensis,GCA_000336895.1_ASM33689v1,Euryarchaeota,Halobacteria,Halobacteria,Halobacteriales,Halobacteriaceae,Haloarcula
396317,41.0,0,Haloarcula amylolytica,Haloarcula_amylolytica,GCA_000336615.1_ASM33661v1,Euryarchaeota,Halobacteria,Halobacteria,Halobacteriales,Halobacteriaceae,Haloarcula
29282,44.0,0,Haloarcula japonica,Haloarcula_japonica,GCA_000336635.1_ASM33663v1,Euryarchaeota,Halobacteria,Halobacteria,Halobacteriales,Halobacteriaceae,Haloarcula
272569,45.0,0,Haloarcula marismortui ATCC 43049,Haloarcula_marismortui,GCA_000011085.1_ASM1108v1,Euryarchaeota,Halobacteria,Halobacteria,Halobacteriales,Halobacteriaceae,Haloarcula
478009,41.0,0,Halobacterium salinarum R1,Halobacterium_salinarum,GCA_000006805.1_ASM680v1,Euryarchaeota,Halobacteria,Halobacteria,Halobacteriales,Halobacteriaceae,Halobacterium
1448860,37.0,0,Halobellus rufus,Halobellus_rufus,GCA_000739575.1_ASM73957v1,Euryarchaeota,Halobacteria,Halobacteria,Halobacteriales,Halobacteriaceae,Halobellus
130048,42.0,0,Halobiforma nitratireducens,Halobiforma_nitratireducens,GCA_000337895.1_ASM33789v1,Euryarchaeota,Halobacteria,Halobacteria,Halobacteriales,Halobacteriaceae,Halobiforma
229731,43.0,0,Halobiforma lacisalsi,Halobiforma_lacisalsi,GCA_000226975.2_HalLac_AJ5_1,Euryarchaeota,Halobacteria,Halobacteria,Halobacteriales,Halobacteriaceae,Halobiforma
332168,37.0,0,Halococcus hamelinensis,Halococcus_hamelinensis,GCA_000259215.1_ASM25921v1,Euryarchaeota,Halobacteria,Halobacteria,Halobacteriales,Halobacteriaceae,Halococcus
2250,37.0,0,Halococcus morrhuae,Halococcus_morrhuae,GCA_000336695.1_ASM33669v1,Euryarchaeota,Halobacteria,Halobacteria,Halobacteriales,Halobacteriaceae,Halococcus
62319,37.0,0,Halococcus saccharolyticus,Halococcus_saccharolyticus,GCA_000336915.1_ASM33691v1,Euryarchaeota,Halobacteria,Halobacteria,Halobacteriales,Halobacteriaceae,Halococcus
1264579,37.0,0,Halococcus sediminicola,Halococcus_sediminicola,GCA_000755245.1_ASM75524v1,Euryarchaeota,Halobacteria,Halobacteria,Halobacteriales,Halobacteriaceae,Halococcus
335952,37.0,0,Halococcus thailandensis,Halococcus_thailandensis,GCA_000336715.1_ASM33671v1,Euryarchaeota,Halobacteria,Halobacteria,Halobacteriales,Halobacteriaceae,Halococcus
36738,40.0,0,Halococcus salifodinae,Halococcus_salifodinae,GCA_000336935.1_ASM33693v1,Euryarchaeota,Halobacteria,Halobacteria,Halobacteriales,Halobacteriaceae,Halococcus
255616,35.0,0,Haloferax sulfurifontis,Haloferax_sulfurifontis,GCA_000337835.1_ASM33783v1,Euryarchaeota,Halobacteria,Halobacteria,Halobacteriales,Halobacteriaceae,Haloferax
114529,37.0,0,Haloferax alexandrinus,Haloferax_alexandrinus,GCA_000336735.1_ASM33673v1,Euryarchaeota,Halobacteria,Halobacteria,Halobacteriales,Halobacteriaceae,Haloferax
35745,37.0,0,Haloferax denitrificans,Haloferax_denitrificans,GCA_000337795.1_ASM33779v1,Euryarchaeota,Halobacteria,Halobacteria,Halobacteriales,Halobacteriaceae,Haloferax
35746,37.0,0,Haloferax gibbonsii,Haloferax_gibbonsii,GCA_000336775.1_ASM33677v1,Euryarchaeota,Halobacteria,Halobacteria,Halobacteriales,Halobacteriaceae,Haloferax
2254,37.0,0,Haloferax lucentense,Haloferax_lucentense,GCA_000336795.1_ASM33679v1,Euryarchaeota,Halobacteria,Halobacteria,Halobacteriales,Halobacteriaceae,Haloferax
1227462,37.0,0,Haloferax sp. ATCC BAA-644,Haloferax_sp._ATCC_BAA-644,GCA_000336975.1_ASM33697v1,Euryarchaeota,Halobacteria,Halobacteria,Halobacteriales,Halobacteriaceae,Haloferax
523841,38.0,0,Haloferax mediterranei ATCC 33500,Haloferax_mediterranei,GCA_000306765.2_ASM30676v2,Euryarchaeota,Halobacteria,Halobacteria,Halobacteriales,Halobacteriaceae,Haloferax
302484,43.0,0,Haloferax larsenii,Haloferax_larsenii,GCA_000336955.1_ASM33695v1,Euryarchaeota,Halobacteria,Halobacteria,Halobacteriales,Halobacteriaceae,Haloferax
381852,43.0,0,Haloferax prahovense,Haloferax_prahovense,GCA_000336815.1_ASM33681v1,Euryarchaeota,Halobacteria,Halobacteria,Halobacteriales,Halobacteriaceae,Haloferax
309800,45.0,0,Haloferax volcanii DS2,Haloferax_volcanii,GCA_000025685.1_ASM2568v1,Euryarchaeota,Halobacteria,Halobacteria,Halobacteriales,Halobacteriaceae,Haloferax
403191,47.0,0,Haloferax elongans,Haloferax_elongans,GCA_000336755.1_ASM33675v1,Euryarchaeota,Halobacteria,Halobacteria,Halobacteriales,Halobacteriaceae,Haloferax
403181,48.0,0,Haloferax mucosum,Haloferax_mucosum,GCA_000337815.1_ASM33781v1,Euryarchaeota,Halobacteria,Halobacteria,Halobacteriales,Halobacteriaceae,Haloferax
469382,40.0,0,Halogeometricum borinquense DSM 11551,Halogeometricum_borinquense,GCA_000172995.2_ASM17299v2,Euryarchaeota,Halobacteria,Halobacteria,Halobacteriales,Halobacteriaceae,Halogeometricum
693851,37.0,0,Halogranum salarium,Halogranum_salarium,GCA_000283335.1_162.HSB1.1,Euryarchaeota,Halobacteria,Halobacteria,Halobacteriales,Halobacteriaceae,Halogranum
1380430,37.0,0,Halolamina rubra,Halolamina_rubra,GCA_000739555.1_ASM73955v1,Euryarchaeota,Halobacteria,Halobacteria,Halobacteriales,Halobacteriaceae,Halolamina
437163,38.0,0,Halomicrobium katesii,Halomicrobium_katesii,GCA_000379085.1_ASM37908v1,Euryarchaeota,Halobacteria,Halobacteria,Halobacteriales,Halobacteriaceae,Halomicrobium
485914,40.0,0,Halomicrobium mukohataei DSM 12286,Halomicrobium_mukohataei,GCA_000023965.1_ASM2396v1,Euryarchaeota,Halobacteria,Halobacteria,Halobacteriales,Halobacteriaceae,Halomicrobium
797210,37.0,0,Halopiger xanaduensis SH-6,Halopiger_xanaduensis,GCA_000217715.1_ASM21771v1,Euryarchaeota,Halobacteria,Halobacteria,Halobacteriales,Halobacteriaceae,Halopiger
376171,40.0,0,Haloplanus natans,Haloplanus_natans,GCA_000427685.1_ASM42768v1,Euryarchaeota,Halobacteria,Halobacteria,Halobacteriales,Halobacteriaceae,Haloplanus
362976,37.0,0,Haloquadratum walsbyi DSM 16790,Haloquadratum_walsbyi,GCA_000009185.1_ASM918v1,Euryarchaeota,Halobacteria,Halobacteria,Halobacteriales,Halobacteriaceae,Haloquadratum
430914,45.0,0,Halorhabdus tiamatea,Halorhabdus_tiamatea,GCA_000215915.3_HLRTI_V2,Euryarchaeota,Halobacteria,Halobacteria,Halobacteriales,Halobacteriaceae,Halorhabdus
519442,50.0,0,Halorhabdus utahensis DSM 12940,Halorhabdus_utahensis,GCA_000023945.1_ASM2394v1,Euryarchaeota,Halobacteria,Halobacteria,Halobacteriales,Halobacteriaceae,Halorhabdus
416348,34.0,0,Halorubrum lacusprofundi ATCC 49239,Halorubrum_lacusprofundi,GCA_000022205.1_ASM2220v1,Euryarchaeota,Halobacteria,Halobacteria,Halobacteriales,Halobacteriaceae,Halorubrum
416585,37.0,0,Halorubrum californiense,Halorubrum_californiense,GCA_000336875.1_ASM33687v1,Euryarchaeota,Halobacteria,Halobacteria,Halobacteriales,Halobacteriaceae,Halorubrum
64713,37.0,0,Halorubrum coriense,Halorubrum_coriense,GCA_000337035.1_ASM33703v1,Euryarchaeota,Halobacteria,Halobacteria,Halobacteriales,Halobacteriaceae,Halorubrum
413816,37.0,0,Halorubrum halophilum,Halorubrum_halophilum,GCA_000739595.1_ASM73959v1,Euryarchaeota,Halobacteria,Halobacteria,Halobacteriales,Halobacteriaceae,Halorubrum
1227480,37.0,0,Halorubrum hochstenium,Halorubrum_hochstenium,GCA_000337075.1_ASM33707v1,Euryarchaeota,Halobacteria,Halobacteria,Halobacteriales,Halobacteriaceae,Halorubrum
478441,37.0,0,Halorubrum kocurii,Halorubrum_kocurii,GCA_000337355.1_ASM33735v1,Euryarchaeota,Halobacteria,Halobacteria,Halobacteriales,Halobacteriaceae,Halorubrum
337243,38.0,0,Halorubrum ezzemoulense,Halorubrum_ezzemoulense,GCA_000421805.1_ASM42180v1,Euryarchaeota,Halobacteria,Halobacteria,Halobacteriales,Halobacteriaceae,Halorubrum
409316,40.0,0,Halorubrum litoreum,Halorubrum_litoreum,GCA_000337395.1_ASM33739v1,Euryarchaeota,Halobacteria,Halobacteria,Halobacteriales,Halobacteriaceae,Halorubrum
119434,40.0,0,Halorubrum tebenquichense,Halorubrum_tebenquichense,GCA_000337415.1_ASM33741v1,Euryarchaeota,Halobacteria,Halobacteria,Halobacteriales,Halobacteriaceae,Halorubrum
368623,41.0,0,Halorubrum aidingense,Halorubrum_aidingense,GCA_000336995.1_ASM33699v1,Euryarchaeota,Halobacteria,Halobacteria,Halobacteriales,Halobacteriaceae,Halorubrum
267368,41.0,0,Halorubrum terrestre,Halorubrum_terrestre,GCA_000337435.1_ASM33743v1,Euryarchaeota,Halobacteria,Halobacteria,Halobacteriales,Halobacteriaceae,Halorubrum
368454,42.0,0,Halorubrum arcis,Halorubrum_arcis,GCA_000337015.1_ASM33701v1,Euryarchaeota,Halobacteria,Halobacteria,Halobacteriales,Halobacteriaceae,Halorubrum
368624,46.0,0,Halorubrum lipolyticum,Halorubrum_lipolyticum,GCA_000337375.1_ASM33737v1,Euryarchaeota,Halobacteria,Halobacteria,Halobacteriales,Halobacteriaceae,Halorubrum
2248,50.0,0,Halorubrum saccharovorum,Halorubrum_saccharovorum,GCA_000337915.1_ASM33791v1,Euryarchaeota,Halobacteria,Halobacteria,Halobacteriales,Halobacteriaceae,Halorubrum
411361,30.0,0,Halosarcina pallida,Halosarcina_pallida,GCA_000337095.1_ASM33709v1,Euryarchaeota,Halobacteria,Halobacteria,Halobacteriales,Halobacteriaceae,Halosarcina
171164,38.0,0,Halosimplex carlsbadense,Halosimplex_carlsbadense,GCA_000337455.1_ASM33745v1,Euryarchaeota,Halobacteria,Halobacteria,Halobacteriales,Halobacteriaceae,Halosimplex
353800,37.0,0,Halostagnicola larsenii,Halostagnicola_larsenii,GCA_000517625.1_ASM51762v1,Euryarchaeota,Halobacteria,Halobacteria,Halobacteriales,Halobacteriaceae,Halostagnicola
504937,37.0,0,Haloterrigena salina,Haloterrigena_salina,GCA_000337495.1_ASM33749v1,Euryarchaeota,Halobacteria,Halobacteria,Halobacteriales,Halobacteriaceae,Haloterrigena
413811,41.0,0,Haloterrigena jeotgali,Haloterrigena_jeotgali,GCA_000710605.1_HTGA29.1,Euryarchaeota,Halobacteria,Halobacteria,Halobacteriales,Halobacteriaceae,Haloterrigena
1416969,45.0,0,Haloterrigena sp. H13,Haloterrigena_sp._H13,GCA_000690595.1_LPSSH13,Euryarchaeota,Halobacteria,Halobacteria,Halobacteriales,Halobacteriaceae,Haloterrigena
370323,47.0,0,Haloterrigena limicola,Haloterrigena_limicola,GCA_000337475.1_ASM33747v1,Euryarchaeota,Halobacteria,Halobacteria,Halobacteriales,Halobacteriaceae,Haloterrigena
121872,50.0,0,Haloterrigena thermotolerans,Haloterrigena_thermotolerans,GCA_000337115.1_ASM33711v1,Euryarchaeota,Halobacteria,Halobacteria,Halobacteriales,Halobacteriaceae,Haloterrigena
543526,51.0,0,Haloterrigena turkmenica DSM 5511,Haloterrigena_turkmenica,GCA_000025325.1_ASM2532v1,Euryarchaeota,Halobacteria,Halobacteria,Halobacteriales,Halobacteriaceae,Haloterrigena
332953,37.0,0,Halovivax asiaticus,Halovivax_asiaticus,GCA_000337515.1_ASM33751v1,Euryarchaeota,Halobacteria,Halobacteria,Halobacteriales,Halobacteriaceae,Halovivax
387341,37.0,0,Halovivax ruber,Halovivax_ruber,GCA_000328525.1_ASM32852v1,Euryarchaeota,Halobacteria,Halobacteria,Halobacteriales,Halobacteriaceae,Halovivax
64602,35.0,0,Natrialba asiatica,Natrialba_asiatica,GCA_000337555.1_ASM33755v1,Euryarchaeota,Halobacteria,Halobacteria,Halobacteriales,Halobacteriaceae,Natrialba
160846,37.0,0,Natrialba taiwanensis,Natrialba_taiwanensis,GCA_000337595.1_ASM33759v1,Euryarchaeota,Halobacteria,Halobacteria,Halobacteriales,Halobacteriaceae,Natrialba
547559,38.0,0,Natrialba magadii ATCC 43099,Natrialba_magadii,GCA_000025625.1_ASM2562v1,Euryarchaeota,Halobacteria,Halobacteria,Halobacteriales,Halobacteriaceae,Natrialba
129789,40.0,0,Natrialba aegyptia,Natrialba_aegyptia,GCA_000337535.1_ASM33753v1,Euryarchaeota,Halobacteria,Halobacteria,Halobacteriales,Halobacteriaceae,Natrialba
68911,45.0,0,Natrialba chahannaoensis,Natrialba_chahannaoensis,GCA_000337135.1_ASM33713v1,Euryarchaeota,Halobacteria,Halobacteria,Halobacteriales,Halobacteriaceae,Natrialba
123783,50.0,0,Natrialba hulunbeirensis,Natrialba_hulunbeirensis,GCA_000337575.1_ASM33757v1,Euryarchaeota,Halobacteria,Halobacteria,Halobacteriales,Halobacteriaceae,Natrialba
222984,37.0,0,Natrinema altunense,Natrinema_altunense,GCA_000337155.1_ASM33715v1,Euryarchaeota,Halobacteria,Halobacteria,Halobacteriales,Halobacteriaceae,Natrinema
69525,37.0,0,Natrinema pellirubrum,Natrinema_pellirubrum,GCA_000230735.3_ASM23073v3,Euryarchaeota,Halobacteria,Halobacteria,Halobacteriales,Halobacteriaceae,Natrinema
406552,37.0,0,Natrinema sp. J7-2,Natrinema_sp._J7-2,GCA_000281695.1_ASM28169v1,Euryarchaeota,Halobacteria,Halobacteria,Halobacteriales,Halobacteriaceae,Natrinema
419186,38.0,0,Natrinema gari,Natrinema_gari,GCA_000337175.1_ASM33717v1,Euryarchaeota,Halobacteria,Halobacteria,Halobacteriales,Halobacteriaceae,Natrinema
69527,38.0,0,Natrinema pallidum,Natrinema_pallidum,GCA_000337615.1_ASM33761v1,Euryarchaeota,Halobacteria,Halobacteria,Halobacteriales,Halobacteriaceae,Natrinema
88724,43.0,0,Natrinema versiforme,Natrinema_versiforme,GCA_000337195.1_ASM33719v1,Euryarchaeota,Halobacteria,Halobacteria,Halobacteriales,Halobacteriaceae,Natrinema
44930,37.0,0,Natronobacterium gregoryi,Natronobacterium_gregoryi,GCA_000230715.3_ASM23071v3,Euryarchaeota,Halobacteria,Halobacteria,Halobacteriales,Halobacteriaceae,Natronobacterium
29288,40.0,0,Natronococcus occultus,Natronococcus_occultus,GCA_000328685.1_ASM32868v1,Euryarchaeota,Halobacteria,Halobacteria,Halobacteriales,Halobacteriaceae,Natronococcus
413812,41.0,0,Natronococcus jeotgali,Natronococcus_jeotgali,GCA_000337695.1_ASM33769v1,Euryarchaeota,Halobacteria,Halobacteria,Halobacteriales,Halobacteriaceae,Natronococcus
44470,42.0,0,Natronococcus amylolyticus,Natronococcus_amylolyticus,GCA_000337675.1_ASM33767v1,Euryarchaeota,Halobacteria,Halobacteria,Halobacteriales,Halobacteriaceae,Natronococcus
253107,41.0,0,Natronolimnobius innermongolicus,Natronolimnobius_innermongolicus,GCA_000337215.1_ASM33721v1,Euryarchaeota,Halobacteria,Halobacteria,Halobacteriales,Halobacteriaceae,Natronolimnobius
416273,38.0,0,Natronomonas moolapensis,Natronomonas_moolapensis,GCA_000591055.1_ASM59105v1,Euryarchaeota,Halobacteria,Halobacteria,Halobacteriales,Halobacteriaceae,Natronomonas
348780,44.0,0,Natronomonas pharaonis DSM 2160,Natronomonas_pharaonis,GCA_000026045.1_ASM2604v1,Euryarchaeota,Halobacteria,Halobacteria,Halobacteriales,Halobacteriaceae,Natronomonas
61858,45.0,0,Natronorubrum bangense,Natronorubrum_bangense,GCA_000337715.1_ASM33771v1,Euryarchaeota,Halobacteria,Halobacteria,Halobacteriales,Halobacteriaceae,Natronorubrum
388259,45.0,0,Natronorubrum sulfidifaciens,Natronorubrum_sulfidifaciens,GCA_000337735.1_ASM33773v1,Euryarchaeota,Halobacteria,Halobacteria,Halobacteriales,Halobacteriaceae,Natronorubrum
63128,45.0,0,Natronorubrum tibetense,Natronorubrum_tibetense,GCA_000337235.1_ASM33723v1,Euryarchaeota,Halobacteria,Halobacteria,Halobacteriales,Halobacteriaceae,Natronorubrum
1333523,37.0,0,Salinarchaeum sp. Harcht-Bsk1,Salinarchaeum_sp._Harcht-Bsk1,GCA_000403645.1_ASM40364v1,Euryarchaeota,Halobacteria,Halobacteria,Halobacteriales,Halobacteriaceae,Salinarchaeum
1071085,39.0,0,haloarchaeon 3A1 DGR,haloarchaeon_3A1_DGR,GCA_000447865.2_ASM44786v2,Euryarchaeota,Halobacteria,Halobacteria,Halobacteriales,family,genus
408577,28.0,0,Methanobacterium veterum,Methanobacterium_veterum,GCA_000745485.1_ASM74548v1,Euryarchaeota,Methanobacteria,Methanobacteria,Methanobacteriales,Methanobacteriaceae,Methanobacterium
877455,30.0,0,Methanobacterium lacus,Methanobacterium_lacus,GCA_000191585.1_ASM19158v1,Euryarchaeota,Methanobacteria,Methanobacteria,Methanobacteriales,Methanobacteriaceae,Methanobacterium
868131,35.0,0,Methanobacterium sp. SWAN-1,Methanobacterium_paludis,GCA_000214725.1_ASM21472v1,Euryarchaeota,Methanobacteria,Methanobacteria,Methanobacteriales,Methanobacteriaceae,Methanobacterium
386456,37.0,0,Methanobacterium arcticum,Methanobacterium_arcticum,GCA_000746075.1_ASM74607v1,Euryarchaeota,Methanobacteria,Methanobacteria,Methanobacteriales,Methanobacteriaceae,Methanobacterium
2162,37.0,0,Methanobacterium formicicum,Methanobacterium_formicicum,GCA_000302455.1_ASM30245v1,Euryarchaeota,Methanobacteria,Methanobacteria,Methanobacteriales,Methanobacteriaceae,Methanobacterium
39441,37.0,0,Methanobrevibacter arboriphilus,Methanobrevibacter_arboriphilus,GCA_000513315.1_ANOR1,Euryarchaeota,Methanobacteria,Methanobacteria,Methanobacteriales,Methanobacteriaceae,Methanobrevibacter
66851,37.0,0,Methanobrevibacter oralis,Methanobrevibacter_oralis,GCA_000529525.1_Methanobrevibacter_oralis_JMR01,Euryarchaeota,Methanobacteria,Methanobacteria,Methanobacteriales,Methanobacteriaceae,Methanobrevibacter
420247,37.0,0,Methanobrevibacter smithii ATCC 35061,Methanobrevibacter_smithii,GCA_000016525.1_ASM1652v1,Euryarchaeota,Methanobacteria,Methanobacteria,Methanobacteriales,Methanobacteriaceae,Methanobrevibacter
190977,37.0,0,Methanobrevibacter wolinii,Methanobrevibacter_wolinii,GCA_000621965.1_ASM62196v1,Euryarchaeota,Methanobacteria,Methanobacteria,Methanobacteriales,Methanobacteriaceae,Methanobrevibacter
1348249,38.0,0,Methanobrevibacter boviskoreani,Methanobrevibacter_boviskoreani,GCA_000320505.2_ASM32050v2,Euryarchaeota,Methanobacteria,Methanobacteria,Methanobacteriales,Methanobacteriaceae,Methanobrevibacter
224719,38.0,0,Methanobrevibacter sp. AbM4,Methanobrevibacter_sp._AbM4,GCA_000404165.1_ASM40416v1,Euryarchaeota,Methanobacteria,Methanobacteria,Methanobacteriales,Methanobacteriaceae,Methanobrevibacter
634498,39.0,0,Methanobrevibacter ruminantium M1,Methanobrevibacter_ruminantium,GCA_000024185.1_ASM2418v1,Euryarchaeota,Methanobacteria,Methanobacteria,Methanobacteriales,Methanobacteriaceae,Methanobrevibacter
339860,38.0,0,Methanosphaera stadtmanae DSM 3091,Methanosphaera_stadtmanae,GCA_000012545.1_ASM1254v1,Euryarchaeota,Methanobacteria,Methanobacteria,Methanobacteriales,Methanobacteriaceae,Methanosphaera
79929,65.0,0,Methanothermobacter marburgensis str. Marburg,Methanothermobacter_marburgensis,GCA_000145295.1_ASM14529v1,Euryarchaeota,Methanobacteria,Methanobacteria,Methanobacteriales,Methanobacteriaceae,Methanothermobacter
187420,65.0,0,Methanothermobacter thermautotrophicus str. Delta H,Methanothermobacter_thermautotrophicus,GCA_000008645.1_ASM864v1,Euryarchaeota,Methanobacteria,Methanobacteria,Methanobacteriales,Methanobacteriaceae,Methanothermobacter
523846,83.0,0,Methanothermus fervidus DSM 2088,Methanothermus_fervidus,GCA_000166095.1_ASM16609v1,Euryarchaeota,Methanobacteria,Methanobacteria,Methanobacteriales,Methanothermaceae,Methanothermus
667126,80.0,0,Methanocaldococcus villosus,Methanocaldococcus_villosus,GCA_000371805.1_ASM37180v1,Euryarchaeota,Methanococci,Methanococci,Methanococcales,Methanocaldococcaceae,Methanocaldococcus
579137,80.0,0,Methanocaldococcus vulcanius M7,Methanocaldococcus_vulcanius,GCA_000024625.1_ASM2462v1,Euryarchaeota,Methanococci,Methanococci,Methanococcales,Methanocaldococcaceae,Methanocaldococcus
573064,85.0,0,Methanocaldococcus fervens AG86,Methanocaldococcus_fervens,GCA_000023985.1_ASM2398v1,Euryarchaeota,Methanococci,Methanococci,Methanococcales,Methanocaldococcaceae,Methanocaldococcus
573063,85.0,0,methanocaldococcus infernus ME,Methanocaldococcus_infernus,GCA_000092305.1_ASM9230v1,Euryarchaeota,Methanococci,Methanococci,Methanococcales,Methanocaldococcaceae,Methanocaldococcus
243232,85.0,0,Methanocaldococcus jannaschii DSM 2661,Methanocaldococcus_jannaschii,GCA_000091665.1_ASM9166v1,Euryarchaeota,Methanococci,Methanococci,Methanococcales,Methanocaldococcaceae,Methanocaldococcus
644281,90.0,0,Methanocaldococcus sp. FS406-22,Methanocaldococcus_sp._FS406-22,GCA_000025525.1_ASM2552v1,Euryarchaeota,Methanococci,Methanococci,Methanococcales,Methanocaldococcaceae,Methanocaldococcus
213185,75.0,0,Methanotorris formicicus,Methanotorris_formicicus,GCA_000243455.2_ASM24345v2,Euryarchaeota,Methanococci,Methanococci,Methanococcales,Methanocaldococcaceae,Methanotorris
880724,88.0,0,Methanotorris igneus Kol 5,Methanotorris_igneus,GCA_000214415.1_ASM21441v1,Euryarchaeota,Methanococci,Methanococci,Methanococcales,Methanocaldococcaceae,Methanotorris
406327,38.0,0,Methanococcus vannielii SB,Methanococcus_vannielii,GCA_000017165.1_ASM1716v1,Euryarchaeota,Methanococci,Methanococci,Methanococcales,Methanococcaceae,Methanococcus
456320,38.0,0,Methanococcus voltae A3,Methanococcus_voltae,GCA_000006175.2_ASM617v2,Euryarchaeota,Methanococci,Methanococci,Methanococcales,Methanococcaceae,Methanococcus
402880,42.0,0,Methanococcus maripaludis C5,Methanococcus_maripaludis,GCA_000011585.1_ASM1158v1,Euryarchaeota,Methanococci,Methanococci,Methanococcales,Methanococcaceae,Methanococcus
419665,46.0,0,Methanococcus aeolicus Nankai-3,Methanococcus_aeolicus,GCA_000017185.1_ASM1718v1,Euryarchaeota,Methanococci,Methanococci,Methanococcales,Methanococcaceae,Methanococcus
647113,62.0,0,Methanothermococcus okinawensis IH1,Methanothermococcus_okinawensis,GCA_000179575.2_ASM17957v2,Euryarchaeota,Methanococci,Methanococci,Methanococcales,Methanococcaceae,Methanothermococcus
2186,65.0,0,Methanothermococcus thermolithotrophicus,Methanothermococcus_thermolithotrophicus,GCA_000376965.1_ASM37696v1,Euryarchaeota,Methanococci,Methanococci,Methanococcales,Methanococcaceae,Methanothermococcus
304371,36.0,0,Methanocella paludicola SANAE,Methanocella_paludicola,GCA_000011005.1_ASM1100v1,Euryarchaeota,Methanomicrobia,Methanomicrobia,Methanocellales,Methanocellaceae,Methanocella
351160,45.0,0,Methanocella arvoryzae MRE50,Methanocella_arvoryzae,GCA_000063445.1_ASM6344v1,Euryarchaeota,Methanomicrobia,Methanomicrobia,Methanocellales,Methanocellaceae,Methanocella
1041930,55.0,0,Methanocella conradii HZ254,Methanocella_conradii,GCA_000251105.1_ASM25110v1,Euryarchaeota,Methanomicrobia,Methanomicrobia,Methanocellales,Methanocellaceae,Methanocella
71518,37.0,0,Methanocorpusculum bavaricum,Methanocorpusculum_bavaricum,GCA_000430905.1_ASM43090v1,Euryarchaeota,Methanomicrobia,Methanomicrobia,Methanomicrobiales,Methanocorpusculaceae,Methanocorpusculum
410358,37.0,0,Methanocorpusculum labreanum Z,Methanocorpusculum_labreanum,GCA_000015765.1_ASM1576v1,Euryarchaeota,Methanomicrobia,Methanomicrobia,Methanomicrobiales,Methanocorpusculaceae,Methanocorpusculum
368407,22.0,0,Methanoculleus marisnigri JR1,Methanoculleus_marisnigri,GCA_000015825.1_ASM1582v1,Euryarchaeota,Methanomicrobia,Methanomicrobia,Methanomicrobiales,Methanomicrobiaceae,Methanoculleus
1201294,37.0,0,Methanoculleus bourgensis MS2,Methanoculleus_bourgensis,GCA_000304355.1_Mb_MS2,Euryarchaeota,Methanomicrobia,Methanomicrobia,Methanomicrobiales,Methanomicrobiaceae,Methanoculleus
2201,40.0,0,Methanofollis liminatans,Methanofollis_liminatans,GCA_000275865.1_ASM27586v1,Euryarchaeota,Methanomicrobia,Methanomicrobia,Methanomicrobiales,Methanomicrobiaceae,Methanofollis
2205,40.0,0,Methanomicrobium mobile,Methanomicrobium_mobile,GCA_000711215.1_ASM71121v1,Euryarchaeota,Methanomicrobia,Methanomicrobia,Methanomicrobiales,Methanomicrobiaceae,Methanomicrobium
679926,37.0,0,Methanoplanus petrolearius DSM 11571,Methanoplanus_petrolearius,GCA_000147875.1_ASM14787v1,Euryarchaeota,Methanomicrobia,Methanomicrobia,Methanomicrobiales,Methanomicrobiaceae,Methanoplanus
2315,40.0,0,Methanoplanus limicola,Methanoplanus_limicola,GCA_000243255.1_ASM24325v1,Euryarchaeota,Methanomicrobia,Methanomicrobia,Methanomicrobiales,Methanomicrobiaceae,Methanoplanus
263906,50.0,0,Methanolinea tarda,Methanolinea_tarda,GCA_000235685.3_ASM23568v3,Euryarchaeota,Methanomicrobia,Methanomicrobia,Methanomicrobiales,Methanoregulaceae,Methanolinea
882104,32.0,0,Methanoregula formicica,Methanoregula_formicica,GCA_000327485.1_ASM32748v1,Euryarchaeota,Methanomicrobia,Methanomicrobia,Methanomicrobiales,Methanoregulaceae,Methanoregula
456442,35.0,0,Methanoregula boonei 6A8,Methanoregula_boonei,GCA_000017625.1_ASM1762v1,Euryarchaeota,Methanomicrobia,Methanomicrobia,Methanomicrobiales,Methanoregulaceae,Methanoregula
521011,30.0,0,Methanosphaerula palustris E1-9c,Methanosphaerula_palustris,GCA_000021965.1_ASM2196v1,Euryarchaeota,Methanomicrobia,Methanomicrobia,Methanomicrobiales,Methanoregulaceae,Methanosphaerula
323259,35.0,0,Methanospirillum hungatei JF-1,Methanospirillum_hungatei,GCA_000013445.1_ASM1344v1,Euryarchaeota,Methanomicrobia,Methanomicrobia,Methanomicrobiales,Methanospirillaceae,Methanospirillum
990316,37.0,0,Methanosaeta concilii GP6,Methanosaeta_concilii,GCA_000204415.1_ASM20441v1,Euryarchaeota,Methanomicrobia,Methanomicrobia,Methanosarcinales,Methanosaetaceae,Methanosaeta
1110509,37.0,0,Methanosaeta harundinacea 6Ac,Methanosaeta_harundinacea,GCA_000235565.1_ASM23556v1,Euryarchaeota,Methanomicrobia,Methanomicrobia,Methanosarcinales,Methanosaetaceae,Methanosaeta
349307,57.0,0,Methanosaeta thermophila PT,Methanosaeta_thermophila,GCA_000014945.1_ASM1494v1,Euryarchaeota,Methanomicrobia,Methanomicrobia,Methanosarcinales,Methanosaetaceae,Methanosaeta
259564,23.4,0,Methanococcoides burtonii DSM 6242,Methanococcoides_burtonii,GCA_000013725.1_ASM1372v1,Euryarchaeota,Methanomicrobia,Methanomicrobia,Methanosarcinales,Methanosarcinaceae,Methanococcoides
644295,50.0,0,Methanohalobium evestigatum Z-7303,Methanohalobium_evestigatum,GCA_000196655.1_ASM19665v1,Euryarchaeota,Methanomicrobia,Methanomicrobia,Methanosarcinales,Methanosarcinaceae,Methanohalobium
547558,37.0,0,Methanohalophilus mahii DSM 5219,Methanohalophilus_mahii,GCA_000025865.1_ASM2586v1,Euryarchaeota,Methanomicrobia,Methanomicrobia,Methanosarcinales,Methanosarcinaceae,Methanohalophilus
420950,18.0,0,Methanolobus psychrophilus,Methanolobus_psychrophilus,GCA_000306725.1_ASM30672v1,Euryarchaeota,Methanomicrobia,Methanomicrobia,Methanosarcinales,Methanosarcinaceae,Methanolobus
2221,25.0,0,Methanolobus tindarius,Methanolobus_tindarius,GCA_000504205.1_ASM50420v1,Euryarchaeota,Methanomicrobia,Methanomicrobia,Methanosarcinales,Methanosarcinaceae,Methanolobus
101192,35.0,0,Methanomethylovorans hollandica,Methanomethylovorans_hollandica,GCA_000328665.1_ASM32866v1,Euryarchaeota,Methanomicrobia,Methanomicrobia,Methanosarcinales,Methanosarcinaceae,Methanomethylovorans
679901,45.0,0,Methanosalsum zhilinae DSM 4017,Methanosalsum_zhilinae,GCA_000217995.1_ASM21799v1,Euryarchaeota,Methanomicrobia,Methanomicrobia,Methanosarcinales,Methanosarcinaceae,Methanosalsum
1036677,28.0,0,Methanosarcina soligelidi,Methanosarcina_soligelidi,GCA_000744315.1_ASM74431v1,Euryarchaeota,Methanomicrobia,Methanomicrobia,Methanosarcinales,Methanosarcinaceae,Methanosarcina
269797,35.0,0,Methanosarcina barkeri str. Fusaro,Methanosarcina_barkeri,GCA_000195895.1_ASM19589v1,Euryarchaeota,Methanomicrobia,Methanomicrobia,Methanosarcinales,Methanosarcinaceae,Methanosarcina
192952,35.0,0,Methanosarcina mazei Go1,Methanosarcina_mazei,GCA_000007065.1_ASM706v1,Euryarchaeota,Methanomicrobia,Methanomicrobia,Methanosarcinales,Methanosarcinaceae,Methanosarcina
188937,40.0,0,Methanosarcina acetivorans C2A,Methanosarcina_acetivorans,GCA_000007345.1_ASM734v1,Euryarchaeota,Methanomicrobia,Methanomicrobia,Methanosarcinales,Methanosarcinaceae,Methanosarcina
660064,65.0,0,Methermicoccus shengliensis,Methermicoccus_shengliensis,GCA_000711905.1_ASM71190v1,Euryarchaeota,Methanomicrobia,Methanomicrobia,Methanosarcinales,Methermicoccaceae,Methermicoccus
1406512,37.0,0,Candidatus Methanomassiliicoccus intestinalis,Candidatus_Methanomassiliicoccus_intestinalis,GCA_000404225.1_ASM40422v1,Euryarchaeota,Methanomicrobia,Methanomicrobia,order,family,Methanomassiliicoccus
1080712,37.0,0,Methanomassiliicoccus luminyensis,Methanomassiliicoccus_luminyensis,GCA_000308215.1_ASM30821v1,Euryarchaeota,Methanomicrobia,Methanomicrobia,order,family,Methanomassiliicoccus
190192,98.0,0,Methanopyrus kandleri AV19,Methanopyrus_kandleri,GCA_000007185.1_ASM718v1,Euryarchaeota,Methanopyri,Methanopyri,Methanopyrales,Methanopyraceae,Methanopyrus
971279,80.0,0,Palaeococcus pacificus,Palaeococcus_pacificus,GCA_000725425.1_ASM72542v1,Euryarchaeota,Thermococci,Thermococci,Thermococcales,Thermococcaceae,Palaeococcus
342949,93.0,0,Pyrococcus sp. NA2,Pyrococcus_sp._NA2,GCA_000211475.1_ASM21147v1,Euryarchaeota,Thermococci,Thermococci,Thermococcales,Thermococcaceae,Pyrococcus
1183377,95.0,0,Pyrococcus sp. ST04,Pyrococcus_sp._ST04,GCA_000263735.1_ASM26373v1,Euryarchaeota,Thermococci,Thermococci,Thermococcales,Thermococcaceae,Pyrococcus
272844,96.0,0,Pyrococcus abyssi GE5,Pyrococcus_abyssi,GCA_000195935.2_ASM19593v2,Euryarchaeota,Thermococci,Thermococci,Thermococcales,Thermococcaceae,Pyrococcus
70601,98.0,0,Pyrococcus horikoshii OT3,Pyrococcus_horikoshii,GCA_000011105.1_ASM1110v1,Euryarchaeota,Thermococci,Thermococci,Thermococcales,Thermococcaceae,Pyrococcus
529709,98.0,0,Pyrococcus yayanosii CH1,Pyrococcus_yayanosii,GCA_000215995.1_ASM21599v1,Euryarchaeota,Thermococci,Thermococci,Thermococcales,Thermococcaceae,Pyrococcus
186497,100.0,0,Pyrococcus furiosus DSM 3638,Pyrococcus_furiosus,GCA_000007305.1_ASM730v1,Euryarchaeota,Thermococci,Thermococci,Thermococcales,Thermococcaceae,Pyrococcus
54076,77.0,0,Thermococcus zilligii,Thermococcus_zilligii,GCA_000258515.1_TheZil1.0,Euryarchaeota,Thermococci,Thermococci,Thermococcales,Thermococcaceae,Thermococcus
604354,78.0,0,Thermococcus sibiricus MM 739,Thermococcus_sibiricus,GCA_000022545.1_ASM2254v1,Euryarchaeota,Thermococci,Thermococci,Thermococcales,Thermococcaceae,Thermococcus
523850,80.0,0,Thermococcus onnurineus NA1,Thermococcus_onnurineus,GCA_000018365.1_ASM1836v1,Euryarchaeota,Thermococci,Thermococci,Thermococcales,Thermococcaceae,Thermococcus
1042877,80.0,0,Thermococcus sp. 4557,Thermococcus_sp._4557,GCA_000221185.1_ASM22118v1,Euryarchaeota,Thermococci,Thermococci,Thermococcales,Thermococcaceae,Thermococcus
246969,80.0,0,Thermococcus sp. AM4,Thermococcus_sp._AM4,GCA_000151205.2_ASM15120v2,Euryarchaeota,Thermococci,Thermococci,Thermococcales,Thermococcaceae,Thermococcus
391623,85.0,0,Thermococcus barophilus MP,Thermococcus_barophilus,GCA_000151105.2_ASM15110v2,Euryarchaeota,Thermococci,Thermococci,Thermococcales,Thermococcaceae,Thermococcus
69014,85.0,0,Thermococcus kodakarensis KOD1,Thermococcus_kodakarensis,GCA_000009965.1_ASM996v1,Euryarchaeota,Thermococci,Thermococci,Thermococcales,Thermococcaceae,Thermococcus
195522,87.5,0,Thermococcus nautili,Thermococcus_nautili,GCA_000585495.1_ASM58549v1,Euryarchaeota,Thermococci,Thermococci,Thermococcales,Thermococcaceae,Thermococcus
593117,88.0,0,Thermococcus gammatolerans EJ3,Thermococcus_gammatolerans,GCA_000022365.1_ASM2236v1,Euryarchaeota,Thermococci,Thermococci,Thermococcales,Thermococcaceae,Thermococcus
2265,88.0,0,Thermococcus litoralis,Thermococcus_litoralis,GCA_000246985.3_ASM24698v3,Euryarchaeota,Thermococci,Thermococci,Thermococcales,Thermococcaceae,Thermococcus
163003,88.0,0,Thermococcus sp. CL1,Thermococcus_sp._CL1,GCA_000265525.1_ASM26552v1,Euryarchaeota,Thermococci,Thermococci,Thermococcales,Thermococcaceae,Thermococcus
97393,39.0,0,Ferroplasma acidarmanus,Ferroplasma_acidarmanus,GCA_000152265.2_ASM15226v2,Euryarchaeota,Thermoplasmata,Thermoplasmata,Thermoplasmatales,Ferroplasmaceae,Ferroplasma
263820,60.0,0,Picrophilus torridus DSM 9790,Picrophilus_torridus,GCA_000008265.1_ASM826v1,Euryarchaeota,Thermoplasmata,Thermoplasmata,Thermoplasmatales,Picrophilaceae,Picrophilus
273075,59.0,0,Thermoplasma acidophilum DSM 1728,Thermoplasma_acidophilum,GCA_000195915.1_ASM19591v1,Euryarchaeota,Thermoplasmata,Thermoplasmata,Thermoplasmatales,Thermoplasmataceae,Thermoplasma
273116,67.0,0,Thermoplasma volcanium GSS1,Thermoplasma_volcanium,GCA_000011185.1_ASM1118v1,Euryarchaeota,Thermoplasmata,Thermoplasmata,Thermoplasmatales,Thermoplasmataceae,Thermoplasma
1054217,39.0,0,Thermoplasmatales archaeon BRNA1,Thermoplasmatales_archaeon_BRNA1,GCA_000350305.1_ASM35030v1,Euryarchaeota,Thermoplasmata,Thermoplasmata,Thermoplasmatales,family,genus
439481,70.0,0,Aciduliprofundum boonei T469,Aciduliprofundum_boonei,GCA_000025665.1_ASM2566v1,Euryarchaeota,unclassified Euryarchaeota,class,order,family,Aciduliprofundum
673860,70.0,0,Aciduliprofundum sp. MAR08-339,Aciduliprofundum_sp._MAR08-339,GCA_000327505.1_ASM32750v1,Euryarchaeota,unclassified Euryarchaeota,class,order,family,Aciduliprofundum
1291540,37.0,0,Candidatus Methanomethylophilus alvus,Candidatus_Methanomethylophilus_alvus,GCA_000300255.2_ASM30025v2,Euryarchaeota,unclassified Euryarchaeota,class,order,family,Candidatus Methanomethylophilus
374847,85.0,0,Candidatus Korarchaeum cryptofilum OPF8,Candidatus_Korarchaeum_cryptofilum,GCA_000019605.1_ASM1960v1,Korarchaeota,Candidatus Korarchaeum,class,order,family,Candidatus Korarchaeum
228908,90.0,0,Nanoarchaeum equitans Kin4-M,Nanoarchaeum_equitans,GCA_000008085.1_ASM808v1,Nanoarchaeota,Nanoarchaeum,class,order,family,Nanoarchaeum
1294122,82.0,0,nanoarchaeote Nst1,nanoarchaeote_Nst1,GCA_000387965.1_Nst1,Nanoarchaeota,unclassified Nanoarchaeota,class,order,family,genus
889948,28.0,0,Candidatus Nanosalina sp. J07AB43,Candidatus_Nanosalina_sp._J07AB43,GCA_000220375.1_ASM22037v1,Nanohaloarchaeota,Nanohaloarchaea,Nanohaloarchaea,order,family,Candidatus Nanosalina
889962,28.0,0,Candidatus Nanosalinarum sp. J07AB56,Candidatus_Nanosalinarum_sp._J07AB56,GCA_000220355.1_ASM22035v1,Nanohaloarchaeota,Nanohaloarchaea,Nanohaloarchaea,order,family,Candidatus Nanosalinarum
662759,38.0,0,Candidatus Parvarchaeum acidiphilum,Candidatus_Parvarchaeum_acidiphilum,GCA_000192595.1_ASM19259v1,Parvarchaeota,Candidatus Parvarchaeum,class,order,family,Candidatus Parvarchaeum
662761,38.0,0,Candidatus Parvarchaeum acidophilus,Candidatus_Parvarchaeum_acidophilus,GCA_000192615.1_ASM19261v1,Parvarchaeota,Candidatus Parvarchaeum,class,order,family,Candidatus Parvarchaeum
414004,10.0,0,Cenarchaeum symbiosum A,Cenarchaeum_symbiosum,GCA_000200715.1_ASM20071v1,Thaumarchaeota,Cenarchaeales,class,Cenarchaeales,Cenarchaeaceae,Cenarchaeum
1007084,22.0,0,Candidatus Nitrosoarchaeum limnia,Candidatus_Nitrosoarchaeum_limnia,GCA_000204585.1_ASM20458v1,Thaumarchaeota,Nitrosopumilales,class,Nitrosopumilales,Nitrosopumilaceae,Candidatus Nitrosoarchaeum
1510466,25.0,0,Candidatus Nitrosopumilus koreensis,Candidatus_Nitrosopumilus_koreensis,GCA_000299365.1_ASM29936v1,Thaumarchaeota,Nitrosopumilales,class,Nitrosopumilales,Nitrosopumilaceae,Nitrosopumilus
1229909,25.0,0,Candidatus Nitrosopumilus sp. AR2,Candidatus_Nitrosopumilus_sp._AR2,GCA_000299395.1_ASM29939v1,Thaumarchaeota,Nitrosopumilales,class,Nitrosopumilales,Nitrosopumilaceae,Nitrosopumilus
436308,27.0,0,Nitrosopumilus maritimus SCM1,Nitrosopumilus_maritimus,GCA_000018465.1_ASM1846v1,Thaumarchaeota,Nitrosopumilales,class,Nitrosopumilales,Nitrosopumilaceae,Nitrosopumilus
1034015,42.0,0,Nitrososphaera viennensis,Nitrososphaera_viennensis,GCA_000698785.1_ASM69878v1,Thaumarchaeota,Nitrososphaerales,class,Nitrososphaerales,Nitrososphaeraceae,Nitrososphaera
497727,46.0,0,Candidatus Nitrososphaera gargensis,Candidatus_Nitrososphaera_gargensis,GCA_000303155.1_ASM30315v1,Thaumarchaeota,Nitrososphaerales,class,Nitrososphaerales,Nitrososphaeraceae,Nitrososphaera
311458,70.0,0,Candidatus Caldiarchaeum subterraneum,Candidatus_Caldiarchaeum_subterraneum,GCA_000270325.1_ASM27032v1,Thaumarchaeota,unclassified Thaumarchaeota,class,order,family,Candidatus Caldiarchaeum
1353246,30.0,0,Thaumarchaeota archaeon MY2,Thaumarchaeota_archaeon_MY2,GCA_000685395.1_NKMY2,Thaumarchaeota,unclassified Thaumarchaeota,class,order,family,genus
1407055,45.0,0,Thaumarchaeota archaeon N4,Thaumarchaeota_archaeon_N4,GCA_000723185.1_APF_1883_PRJEB4650,Thaumarchaeota,unclassified Thaumarchaeota,class,order,family,genus
1378080,81.0,0,Thaumarchaeota archaeon JGI OTU-1,Thaumarchaeota_archaeon_JGI_OTU-1,GCA_000494145.1_Aigarchaeota_archaeon_OTU_1,Thaumarchaeota,unclassified Thaumarchaeota,class,order,family,genus
1395101,81.0,0,Thaumarchaeota archaeon JGI OTU-2,Thaumarchaeota_archaeon_JGI_OTU-2,GCA_000494165.1_Aigarchaeota_archaeon_OTU_2,Thaumarchaeota,unclassified Thaumarchaeota,class,order,family,genus
1379386,81.0,0,Thaumarchaeota archaeon JGI OTU-3,Thaumarchaeota_archaeon_JGI_OTU-3,GCA_000494185.1_Aigarchaeota_archaeon_OTU_3,Thaumarchaeota,unclassified Thaumarchaeota,class,order,family,genus
1379389,81.0,0,Thaumarchaeota archaeon JGI OTU-4,Thaumarchaeota_archaeon_JGI_OTU-4,GCA_000494125.1_Aigarchaeota_archaeon_OTU_4,Thaumarchaeota,unclassified Thaumarchaeota,class,order,family,genus
